1, Sara Harper, sara@hotmail.com, MSc, Computer Science,,1, Teaching Assistant, Masters, Computer Science
2, Max Johnstone, max@outlook.com, BEng, Mechanical Engineering,,2, Teaching Assistant, Bachelors, Mechanical Engineering
3, Brian Patterson, brian@gmail.com, MEng, Biomedical Engineering,,3, Lecturer, PHD, Biomedical Engineering
4, John Smith, john@gmail.com, PHD, Biomedical Engineering,,4, Lecturer, Masters, English Literature
5, Brad Pitt, brad@gmail.com, MA, English Literature
6, Angelina Jolie, angie@gmail.com, PHD, Archaeology
7, Steve Buscemi, stevie@gmail.com, MA, Business Studies
8, Emily Blunt, em@gmail.com, PHD, Fashion Studies
9, Alan Cumming, alan@gmail.com, PHD, Theatre Studies
10, Matt Damon, matty@gmail.com, BSc, Mathematics
